{
  "num_reference_images": 5,
  "num_generated_images": 6,
  "num_prompts": 6,
  "clip_i": 0.8897459506988525,
  "clip_t": 0.2760007083415985,
  "dino": 0.7684749364852905,
  "individual_scores": {
    "clip_i": [
      0.7602359652519226,
      0.9027074575424194,
      0.9242706298828125,
      0.8969445824623108,
      0.9206973314285278,
      0.9336199164390564
    ],
    "clip_t": [
      0.321133553981781,
      0.27361056208610535,
      0.24365507066249847,
      0.2657850980758667,
      0.27285975217819214,
      0.27896013855934143
    ],
    "dino": [
      0.6137908101081848,
      0.7714799046516418,
      0.8434401750564575,
      0.6893177032470703,
      0.8690351843833923,
      0.8237853646278381
    ]
  }
}