{
  "num_reference_images": 5,
  "num_generated_images": 12,
  "num_prompts": 12,
  "clip_i": 0.8846838474273682,
  "clip_t": 0.27302223443984985,
  "dino": 0.6659919619560242,
  "individual_scores": {
    "clip_i": [
      0.9253787398338318,
      0.8901399374008179,
      0.9310899376869202,
      0.8676459789276123,
      0.890002429485321,
      0.9488998651504517,
      0.9176825881004333,
      0.8633548617362976,
      0.8591050505638123,
      0.840623676776886,
      0.8593918681144714,
      0.822891116142273
    ],
    "clip_t": [
      0.2674562931060791,
      0.24603301286697388,
      0.2746114730834961,
      0.2797588109970093,
      0.2767457962036133,
      0.21901744604110718,
      0.2707781493663788,
      0.2783072888851166,
      0.2995278835296631,
      0.2876140773296356,
      0.23429344594478607,
      0.34212297201156616
    ],
    "dino": [
      0.7441443204879761,
      0.7188022136688232,
      0.7183060646057129,
      0.5529128313064575,
      0.8103917241096497,
      0.7727916240692139,
      0.8316212296485901,
      0.8228321671485901,
      0.32928329706192017,
      0.6856386065483093,
      0.41678616404533386,
      0.5883928537368774
    ]
  }
}