{
  "num_reference_images": 4,
  "num_generated_images": 6,
  "num_prompts": 6,
  "clip_i": 0.8620511293411255,
  "clip_t": 0.3259417414665222,
  "dino": 0.7138099074363708,
  "individual_scores": {
    "clip_i": [
      0.8557754755020142,
      0.8109820485115051,
      0.9080294370651245,
      0.8119653463363647,
      0.8889309763908386,
      0.8966234922409058
    ],
    "clip_t": [
      0.31420618295669556,
      0.34114232659339905,
      0.3207143247127533,
      0.36377930641174316,
      0.3317762613296509,
      0.28403210639953613
    ],
    "dino": [
      0.6744381189346313,
      0.6589476466178894,
      0.8473789691925049,
      0.6114908456802368,
      0.7963026762008667,
      0.6943011283874512
    ]
  }
}