{
  "num_reference_images": 5,
  "num_generated_images": 10,
  "num_prompts": 10,
  "clip_i": 0.8419913649559021,
  "clip_t": 0.28531739115715027,
  "dino": 0.7328786253929138,
  "individual_scores": {
    "clip_i": [
      0.8074216246604919,
      0.8898400664329529,
      0.7920452952384949,
      0.8346292972564697,
      0.7829734683036804,
      0.8771634101867676,
      0.8386539816856384,
      0.904945969581604,
      0.8044957518577576,
      0.8877446055412292
    ],
    "clip_t": [
      0.3018263280391693,
      0.27655455470085144,
      0.27081936597824097,
      0.28396546840667725,
      0.27198606729507446,
      0.28617191314697266,
      0.2988699972629547,
      0.2856670916080475,
      0.280668705701828,
      0.29664409160614014
    ],
    "dino": [
      0.6318002343177795,
      0.8495335578918457,
      0.6365656852722168,
      0.7651588320732117,
      0.5804954767227173,
      0.8587690591812134,
      0.6452882289886475,
      0.8814219832420349,
      0.6694321632385254,
      0.8103207349777222
    ]
  }
}