{
  "num_reference_images": 5,
  "num_generated_images": 5,
  "num_prompts": 5,
  "clip_i": 0.8171156048774719,
  "clip_t": 0.2691948711872101,
  "dino": 0.7989552617073059,
  "individual_scores": {
    "clip_i": [
      0.7314350008964539,
      0.7880738377571106,
      0.8608034253120422,
      0.801938533782959,
      0.9033275842666626
    ],
    "clip_t": [
      0.27306222915649414,
      0.2805170714855194,
      0.26445937156677246,
      0.27733832597732544,
      0.25059735774993896
    ],
    "dino": [
      0.7882167100906372,
      0.6939789056777954,
      0.912886381149292,
      0.7243677377700806,
      0.8753265142440796
    ]
  }
}